Year,Storm Name,Storm Dates,Time,Reg,Sub Reg,Country,State,Location,Lat,Lon,Surge_m,Surge_ft,Storm_Tide_m,Storm_Tide_ft,Storm_Tide_Waves_m,Storm_Tide_Waves_ft,Datum,Type of Obs,Tropical,Confidence,Surge ID,Storm ID
1897,Typhoon of Samar and Leyte,12-Oct,,1,1,PH,,Hernani (Southern Leyte),11.412,125.549,,,7.3,,,,,,Y,3,,
1908,Typhoon of October 13 1908,13-Oct,,1,1,PH,,Aparri,18.3597,121.6412,,,3,,,,,,Y,2,,
1908,,Sep 17-24,,1,1,PH,,,,,,,2.01,6.6,,,,,Y,3,,
1912,Typhoon of Leyte and Cebu,Oct 14-16,,1,1,PH,,,10.3831,124.9819,7,23,,,,,,,Y,2,,
1912,Typhoon of Cagayan and Batanes,Sep 27-29,,1,1,PH,,,,,,,3.05,10,,,,,Y,2,,
1912,Typhoon of Samar Leyte and Panay,Nov 24-25,,1,1,PH,,,,,,,2.01,6.6,,,,,Y,3,,
1914,Typhoon of Samar and Luzon,Jun 15-24,,1,1,PH,,,12.3329,125.2886,,,2.5,,,,,,Y,3,,
1916,Typhoon of Biliran and Northern Leyte,Jan 10-16,,1,1,PH,,,11.2384,124.4026,,,2,,,,,,Y,3,,
1968,Didang,,,1,1,PH,,Barrio Sulvec - Narvacan - Ilocos Sur (All one location),17.412,120.4591,9.14,30,,,,,,,Y,2,,
1970,,,,1,1,PH,,,14.5154,120.3806,,,3.6,,,,,,Y,3,,
1970,Typhoon of Sening,Oct 11-15,,1,1,PH,,,17.1903,120.4204,,,3.6,,,,,,Y,3,,
1970,,,,1,1,PH,,,13.068,124.1696,,,1.2,,,,,,Y,2,,
1972,,,,1,1,PH,,,10.7456,125.0153,,,3,,,,,,Y,3,,
1975,Auring,,,1,1,PH,,Tandag Surigao,9.1014,126.1598,1.27,4.15,2.38,7.8,,,,,Y,3,,
1979,,,,1,1,PH,,,9.0318,126.2279,,,2.4,,,,,,Y,3,,
1981,,,,1,1,PH,,South of Tinambac,13.7823,123.3092,,,4.5,,,,,,Y,2,,
1981,,,,1,1,PH,,Near Baler,15.7634,121.5671,,,3.5,,,,,,Y,2,,
1981,,,,1,1,PH,,,13.9621,123.4496,,,3,,,,,,Y,2,,
1981,,,,1,1,PH,,,13.04,121.4962,,,1.5,,,,,,Y,3,,
1981,,,,1,1,PH,,,12.7515,121.4883,,,1.5,,,,,,Y,3,,
1983,,,,1,1,PH,,Near Infanta,14.7607,121.6686,,,4.5,,,,,,Y,2,,
1983,,,,1,1,PH,,,12.9043,124.1189,,,3,,,,,,Y,2,,
1983,,,,1,1,PH,,,14.586,120.5901,,,1.5,,,,,,Y,2,,
1984,,,,1,1,PH,,Sarangani Island,9.9228,125.0736,,,4.6,,,,,,Y,3,,
1984,,,,1,1,PH,,,11.284,125.1242,,,3.48,,,,,,Y,2,,
1985,,,,1,1,PH,,,14.7607,121.6686,,,3.6,,,,,,Y,3,,
1990,,Nov 10-14,,1,1,PH,,Catmon Carmen,,,,,2.5,,,,,,Y,2,,
2010,Megi,Oct 13-23,,1,1,PH,,Philippines,,,,,,,,,,,Y,,,
2011,Nalgae,Sep 27- Oct 5,,1,1,PH,,Philippines,,,,,,,,,,,Y,,,
2012,Bopha (Pablo),4-Dec,,1,1,PH,,,,,,,,,,,,,Y,,,
2013,Haiyan,8-Nov,,1,1,PH,,Tacloban Airport,11.2245,125.0252,,,6.5,21.33,6.5,21.33,,,Y,2,,
2005,Damrey,27-Sep,,1,2,VN,,Vietnam,,,4,13.12,,,,,,,Y,2,,
1923,Unnamed,22-Aug,,1,3,CN,,Yinggehai,,,,,3.05,,,,,,Y,,,
1948,Unnamed,27-Sep,,1,3,CN,,Haikou,20.0375,110.3173,,,2.8,,,,,,Y,,,
1952,China No. 5207,,,1,3,CN,,Wenzhou Fuzhou,,,,,3.88,12.73,,,,,Y,,,
1953,China No. 5310,,,1,3,CN,,Haimen,,,1.58,,,,,,,,Y,,,
1954,China No. 5408,,,1,3,CN,,North Point/ Quarry Bay Hong Kong,22.2944,114.2033,1.68,5.51,,,,,,,Y,,,
1954,China No. 5419,,,1,3,CN,,North Point/ Quarry Bay Hong Kong,22.2944,114.2033,1.16,3.81,,,,,,,Y,,,
1956,China No. 5612,,,1,3,CN,,Hanpu,30.1961,120.8208,5.02,16.47,,,,,,,Y,,,
1956,China No. 5623,,,1,3,CN,,Dinghai,,,,,2.13,6.99,,,,,Y,,,
1957,China No. 5715,,,1,3,CN,,North Point/ Quarry Bay Hong Kong,22.2944,114.2033,1.34,4.4,,,,,,,Y,,,
1960,China No. 6003,,,1,3,CN,,North Point/ Quarry Bay Hong Kong,22.2944,114.2033,1.1,3.61,,,,,,,Y,,,
1960,China No. 6008,,,1,3,CN,,Mawei,,,,,2.52,8.27,,,,,Y,,,
1961,China No. 6126,,,1,3,CN,,Shipu,,,,,1.8,5.91,,,,,Y,,,
1962,China No. 6216,,,1,3,CN,,Tai Po Kau Hong Kong,22.4483,114.1781,3.2,10.5,,,,,,,Y,,,
1963,China No. 6313,,,1,3,CN,,Xiuying,20.0355,110.288,1.76,5.77,,,,,,,Y,,,
1963,China No. 6312,,,1,3,CN,,Haimen Port,31.8628,121.2375,1.36,4.46,,,,,,,Y,,,
1963,China No. 6311,7-Sep,,1,3,CN,,Ma Chun Gang,,,,,2.83,,,,,,Y,,,
1963,China No. 6306,,,1,3,CN,,Xinghuawan,,,,,2.18,7.15,,,,,Y,,,
1964,China No. 6417,,,1,3,CN,,Tai Po Kau Hong Kong,22.4483,114.1781,2.96,9.71,,,,,,,Y,,,
1964,China No. 6412,,,1,3,CN,,Tai Po Kau Hong Kong,22.4483,114.1781,2.16,7.09,,,,,,,Y,,,
1965,China No. 6508,,,1,3,CN,,Beijingang,,,3.14,10.3,,,,,,,Y,,,
1965,China No. 6511,,,1,3,CN,,North Point/Quarry Bay and Tai Po KauHongKong,22.4483,114.1781,1.01,3.31,,,,,,,Y,,,
1968,China No. 6809,,,1,3,CN,,Tai Po Kau Hong Kong,22.4483,114.1781,1.78,5.84,,,,,,,Y,,,
1969,China No. 6903,28-Jul,,1,3,CN,,Shantou Tide Station Shantou County,,,3.14,10.3,,,,,,,Y,,,
1969,China No. 6911,,,1,3,CN,,Meihua,,,1.99,6.53,,,,,,,Y,,,
1970,China No. 7013,17-Oct,,1,3,CN,,Gang Beigang,,,,,2.61,,,,,,Y,,,
1971,China No. 7114,22-Jul,,1,3,CN,,Shanwei Tide Station Shanwei County,,,1.72,5.64,,,,,,,Y,,,
1971,China No. 7126,9-Oct,,1,3,CN,,Sanya Gang,,,1.11,,3.92,,,,,,Y,,,
1971,China No. 7115,,,1,3,CN,,Pintan,,,,,2.47,8.1,,,,,Y,,,
1972,China No. 7220,8-Nov,,1,3,CN,,Gintan Xiang,,,,,2.69,,,,,,Y,,,
1972,China No. 7209,,,1,3,CN,,Haimen,31.8628,121.2375,,,1.9,6.23,,,,,Y,,,
1973,China No. 7314,,,1,3,CN,,,,,2.1,,,,,,,,Y,,,
1974,China No. 7423,,,1,3,CN,,Tai Po Kau Hong Kong,22.4483,114.1781,1.45,4.76,,,,,,,Y,,,
1974,China No. 7422,13-Oct,,1,3,CN,,Gangou Tide Station Huidong County,,,1.14,3.74,,,,,,,Y,,,
1974,China No. 7413,,,1,3,CN,,Changjiang,,,,,3.05,10.01,,,,,Y,,,
1977,China No. 7707,,,1,3,CN,,Zhenhai,,,1.54,5.05,,,,,,,Y,,,
1977,China No. 7708,,,1,3,CN,,Lvsi,31.5008,121.325,,,2.5,8.2,,,,,Y,,,
1978,China No. 7815,,,1,3,CN,,Lvsi,31.5008,121.325,0.81,,,,,,,,Y,,,
1979,China No. 7909,,,1,3,CN,,Tai Po Kau Hong Kong,22.4483,114.1781,3.23,10.6,,,,,,,Y,,,
1979,China No. 7910,,,1,3,CN,,Ningbo,,,,,1.8,5.91,,,,,Y,,,
1980,China No. 8007,,,1,3,CN,,Nandu tide gage Leizhou Guangdong Province,20.8953,110.1714,5.94,19.49,,,,,,,Y,,,
1981,China No. 8114,,,1,3,CN,,Ningbo,,,2.18,,,,,,,,Y,,,
1981,China No. 8104,,,1,3,CN,,Xiamen,,,0.57,,,,,,,,Y,,,
1982,China No. 8211,,,1,3,CN,,Lvsi,31.5008,121.325,1.2,3.94,,,,,,,Y,,,
1983,China No. 8310,,,1,3,CN,,Lvsi,31.5008,121.325,2.13,,,,,,,,Y,,,
1983,China No. 8309,,,1,3,CN,,Tai Po Kau Hong Kong,22.4483,114.1781,1.74,5.71,,,,,,,Y,,,
1983,China No. 8304,,,1,3,CN,,Xiamen,24.4675,118.0675,,,1.79,5.87,,,,,Y,,,
1985,China No. 8521 (Dot),,,1,3,CN,,Qinglan,,,,,1.7,,,,,,Y,,,
1986,China No. 8616,,,1,3,CN,,Nandu,20.8953,110.1714,3.52,11.55,,,,,,,Y,,,
1986,China No. 8609,,,1,3,CN,,Shituupu,,,1.17,3.84,,,,,,,Y,,,
1989,China No. 8908,18-Jul,,1,3,CN,,Sanzhao,,,2.6,8.53,,,,,,,Y,,,
1989,China No. 8923,,,1,3,CN,,Haimen,31.8628,121.2375,1.46,4.79,,,,,,,Y,,,
1989,China No. 8928,14-Oct,,1,3,CN,,Dong Fang,,,0.83,,1.04,,,,,,Y,,,
1990,China No. 9018 (Dot),,,1,3,CN,,Wenzhou,27.8386,120.8486,2.41,7.91,,,,,,,Y,,,
1990,China No. 9016 (Becky),,,1,3,CN,,Bozi,,,,,2.84,,,,,,Y,,,
1991,China No. 9111,,,1,3,CN,,Nandu,20.8953,110.1714,3.84,12.6,,,,,,,Y,,,
1991,China No. 9106 (Zeke),,,1,3,CN,,Qinglan,,,,,1.81,,,,,,Y,,,
1992,China No. 9216,,,1,3,CN,,Rujan,,,2.03,6.66,,,,,,,Y,,,
1992,China No. 9205,,,1,3,CN,,Qinglan,19.5403,110.8201,1.15,3.77,1.83,,,,,,Y,,,
1993,China No. 9316,17-Sep,,1,3,CN,,Nansha,22.7492,113.6128,2.7,8.86,,,,,,,Y,,,
1993,China No. 9302,27-Jun,,1,3,CN,,Huangjin Tide Station Doumen County,,,2.48,8.14,,,,,,,Y,,,
1993,China No. 9315,14-Sep,,1,3,CN,,Haimen Tide Station Chaoyang County,31.8628,121.2375,1.97,6.46,,,,,,,Y,,,
1994,China No. 9417 (Fred),,,1,3,CN,,Wenzhou,27.8386,120.8486,2.69,8.83,,,,,,,Y,,,
1994,Doug,,,1,3,CN,,Lungtung Harbor,25.0981,121.9172,3,9.84,,,,,,,Y,,,
1996,China No. 9608,,,1,3,CN,,Meihua,,,2.25,7.38,,,,,,,Y,,,
1996,China No. 9618,,,1,3,CN,,Xiuying,,,,,1.83,6,,,,,Y,,,
1997,China No. 9711,,,1,3,CN,,Jianitiao,,,2.61,8.56,,,,,, ,Y,,,
1997,China No. 9712,,,1,3,CN,,North Point/ Quarry Bay Hong Kong,22.2944,114.2033,1.01,3.31,,,,,,,Y,,,
1999,China No. 9914,,,1,3,CN,,Lvsi,31.5008,121.325,2.5,8.2,,,,,,,Y,,,
2000,China No. 0016 (Wukong),,,1,3,CN,,Wachang,,,,,1.77,,,,,,Y,,,
2001,China No. 0104,,,1,3,CN,,Dong Xikou,,,2.65,8.69,,,,,,,Y,,,
2002,China No. 0216,,,1,3,CN,,Pipamen Tide Station,,,2.3,7.55,,,,,,,Y,,,
2003,China No. 0312,,,1,3,CN,,Nandu Tide Station,20.8953,110.1714,3.66,12.01,,,,,,,Y,,,
2003,China No. 0307,24-Jul,,1,3,CN,,Beijin Harbor Tide Station Yangjiang County,,,3.19,10.47,,,,,,,Y,,,
2003,China No. 0313,,,1,3,CN,,Dongxikou,,,1.7,5.58,,,,,,,Y,,,
2005,China No. 0518 (Damrey),,,1,3,CN,,Qinglan,19.5378,110.8153,1.52,4.99,,,,,,,Y,,,
2006,Saomai,,,1,3,CN,,Pipamen Tide Station,,,3.3,10.83,,,,,,,Y,,,
2010,Fanapi,,,1,3,CN,,Taiwan,,,,,,,,,,,Y,,,
2012,Vicente,Jul 20-24,,1,3,CN,,,,,,,,,,,,,Y,,,
2012,Tembin,Aug 19-30,,1,3,CN,,,,,,,,,,,,,Y,,,
2012,Son Tinh,Oct 23-29,,1,3,CN,,,,,,,,,,,,,Y,,,
1997,Winnie,19-Aug,,1,4,KR,,Kunsan,,,0.6,,8.05,,,,,,Y,,,
2003,Maemi,12-Sep,,1,4,KR,,Masan Port Masan City South Korea,,,2.3,7.55,,,,,,,Y,2,,
2010,Kompasu,Aug 30- Sep 2,,1,4,KR,,,,,,,,,,,,,Y,,,
2012,Bolaven,Aug 20-28,,1,4,KR,,,,,,,,,,,,,Y,,,
2012,Sanba,Sep 10-17,,1,4,KR,,,,,,,,,,,,,Y,,,
1911,Unnamed,,,1,5,JP,,Tokyo,35.647,139.761,2.08,6.82,,,,,,,Y,,,
1917,Unnamed,,,1,5,JP,,Tokyo,35.647,139.761,2.3,7.55,,,,,,,Y,,,
1938,Unnamed,,,1,5,JP,,Tokyo,35.647,139.761,1.94,6.36,,,,,,,Y,,,
1949,Kitty,31-Aug,,1,5,JP,,Tokyo,35.647,139.761,1.41,4.63,,,,,,,Y,,,
1958,Alice,,,1,5,JP,,Tokyo,35.647,139.761,1.13,3.71,,,,,,,Y,,,
1959,Isewan (Vera),,,1,5,JP,,Isewan Harbor,35.0214,136.7794,3.5,11.48,,,,,,,Y,,,
1960,Mamie,,,1,5,JP,,,,,,,,,,,,,Y,,,
1970,Anita,,,1,5,JP,,Katasurahama,33.4974,133.5752,2,,,,,,,,Y,,,
1981,Thad,August,,1,5,JP,,Hakodate,41.7699,140.719,0.72,2.4,,,,,,,Y,,,
1991,9119 (Mireille),,,1,5,JP,,NW coast of the Suoh Sea,34.0137,131.1459,,,,,,,,,Y,,,
1999,Bart,,,1,5,JP,,Yatsushiro Bay,32.6405,130.6512,3.5,11.48,,,,,,,Y,,,
2004,Chaba,30-Aug,,1,5,JP,,Himeji Japan,34.7825,134.6664,1.57,5.15,,,,,,,Y,3,,
2005,Nabi (T0514),6-Sep,,1,5,JP,,Tokuyama Tide Station,,,1.1,,,,,,,,Y,,,
2011,Ma On,Jul 11-22,,1,5,JP,,,,,,,,,,,,,Y,,,
2012,Jelawat,Sep 20-30,,1,5,JP,,,,,,,,,,,,,Y,,,
2012,Sanba,Sep 10-17,,1,5,JP,,,,,,,,,,,,,Y,,,
1960,Ophelia,21 Nov- 06 Dec,,1,6,FM,,Ulithi Federated States of Micronesia,,,1.83,6,,,,,,,Y,2,,
1893,Unnamed,,,2,1,AU,NSW,Lennox Head,-28.7994,153.5956,4,13.12,,,,,,,Y,1,,
1990,Nancy,4-Feb,,2,1,AU,NSW,Newcastle,,,0.47,,0.32,,,,Australian Height Datum,Tide Gauge,Y,3,,
1923,Douglas Mawson,30-Mar,,2,1,AU,NT,Emerald River Mission Groote Eylandt,-14,136.7619,6.6,21.65,,,,,Astronomical Tide,,Y,3,,
1931,Unnamed,Apr,,2,1,AU,NT,Groote Eylandt,-14.1756,136.7111,,,6.7,21.98,,,Mean Sea Level,,Y,2,,
1931,Unnamed,Jan,,2,1,AU,NT,Groote Eylandt,-13.9961,136.4183,,,4.6,15.09,,,Mean Sea Level,,Y,2,,
1940,Unnamed,Mar,,2,1,AU,NT,Mission Station Groote Eylandt,-14.0158,136.7678,1.22,4,,,,,,,Y,1,,
1948,Unnamed,Mar,,2,1,AU,NT,Vanderlin Island,-15.7544,137.0753,3.7,12.14,1.8,,,,High Water Springs,,Y,1,,
1974,Tracy,Dec 21-25,,2,1,AU,NT,Fannie Bay,-12.4249,130.8346,,,2,,4,,,Field Evidence,Y,2,,
1984,Kathy,Mar 16-24,,2,1,AU,NT,East coast of Vanderlin Island,-15.6947,137.0801,4.2,13.78,,,,,,,Y,,,
1984,Jim,Mar 5-9,,2,1,AU,NT,S of Roper River,-14.8803,135.4192,3,9.84,,,,,,,Y,,,
1985,Sandy,Mar 18-24,,2,1,AU,NT,Centre Island,-15.6886,136.7844,3.5,11.48,,,,,,,Y,,,
1998,Thelma,Dec 1-14,,2,1,AU,NT,Milikapiti (Snake Bay) Tiwi Islands,-11.4183,130.6739,,,3.5,,,,,,Y,2,,
2001,Winsome,10-Feb,,2,1,AU,NT,Milner Bay,,,1.27,,2.02,,,,Australian Height Datum,Tide Gauge,Y,2,,
2003,Craig,Mar 7-12,,2,1,AU,NT,Cobourg Peninsula & Goulbourn Is.,-11.4558,132.2372,2.5,8.2,,,,,,,Y,2,,
2005,Ingrid,Mar 6-17,,2,1,AU,NT,Drysdale Island,-11.6575,136.0475,,,3,,,,,,Y,2,,
2006,Monica,Apr 17-25,,2,1,AU,NT,Junction Bay,-11.9183,133.9325,,,6,19.68,,,,Evidence on landscape,Y,2,,
2010,Paul,Mar 22- Apr 10,,2,1,AU,NT,Milner Bay Tide Gauge on Groote Eylandt,-13.8601,136.4156,1,3.28,,,,,,Tide Gauge,Y,2,,
1858,Unnamed,,,2,1,AU,QLD,Green Island,,,,,2,,,,,,Y,1,,
1884,Unnamed,,,2,1,AU,QLD,Bowen,-20.0186,148.2483,3.1,10.17,,,,,,,Y,2,,
1887,Unnamed,,,2,1,AU,QLD,Albert R Heads (near Burketown),-17.575,139.7603,,,5.5,18.04,,,Highest Spring Tide Level,,Y,2,,
1891,Unnamed,8-Jun,,2,1,AU,QLD,Brisbane,,,,,1.8,,,,,,Y,3,,
1894,Unnamed,19-Feb,,2,1,AU,QLD,Brisbane,,,,,1.6,,,,,,Y,3,,
1896,Sigma,,,2,1,AU,QLD,Townsville,-19.2508,146.8169,2.5,8.2,4,,,,,,Y,2,,
1899,Mahina,,,2,1,AU,QLD,Barrow Point Bathurst Bay,-14.3664,144.5951,13.7,44.95,13,,,,,,Y,2,,
1903,Leonta,9-Mar,,2,1,AU,QLD,Cairns,,,,,2.5,,,,,,Y,1,,
1918,Unnamed,Mar,,2,1,AU,QLD,Maria Creek,-17.8097,146.0803,4.65,15.26,3,,,,High Water,,Y,3,,
1918,Unnamed,Jan,,2,1,AU,QLD,Mackay,-21.1581,149.2017,3.7,12.14,,,7.6,,,,Y,3,,
1920,Unnamed,4-Feb,,2,1,AU,QLD,Cairns,-16.9083,145.7661,1.75,5.74,,,,,,,Y,,,
1928,Unnamed,16-Jun,,2,1,AU,QLD,Brisbane,,,,,1.7,,,,,,Y,2,,
1931,Unnamed,5-Feb,,2,1,AU,QLD,Brisbane,,,0.95,,,,,,,,Y,2,,
1934,Unnamed,,,2,1,AU,QLD,Bailey Creek,-16.1992,145.4428,9.1,29.86,,,,,,,Y,2,,
1934,Unnamed,1-Feb,,2,1,AU,QLD,Brisbane,-27.3636,153.1347,1.2,3.94,,,,,,,Y,,,
1941,Unnamed,3-Apr,,2,1,AU,QLD,Cairns,,,0.55,,,,,,,,Y,2,,
1945,Unnamed,17-Mar,,2,1,AU,QLD,Cairns,,,0.85,,,,,,,,Y,2,,
1946,Unnamed,2-Mar,,2,1,AU,QLD,Cairns,,,0.75,,,,,,,,Y,2,,
1947,Unnamed,23-Jan,,2,1,AU,QLD,Brisbane,,,0.55,,,,,,,,Y,2,,
1948,Unnamed,12-Jan,,2,1,AU,QLD,Cairns,,,0.55,,,,,,,,Y,2,,
1948,Unnamed,25-Feb,,2,1,AU,QLD,Bentinck Island,-17.0342,139.5481,,,3.7,12.14,,,Normal High Tide,,Y,,,
1948,Unnamed,28-Jan,,2,1,AU,QLD,Brisbane,,,,,1.8,,,,,,Y,3,,
1949,Unnamed,2-Mar,,2,1,AU,QLD,Gladstone,,,1.25,,2.2,,,,,,Y,2,,
1950,Unnamed,15-Jan,,2,1,AU,QLD,Cairns,,,0.5,,,,,,,,Y,3,,
1950,Unnamed,18-Jan,,2,1,AU,QLD,Brisbane,,,,,1.8,,,,,,Y,3,,
1954,Unnamed,,,2,1,AU,QLD,Beachmere,-27.1314,153.0539,2,6.56,,,,,,,Y,,,
1956,Agnes,5-Mar,,2,1,AU,QLD,Mackay,-21.1531,149.2033,1.4,4.59,,,,,,,Y,,,
1957,Clara,17-Feb,,2,1,AU,QLD,Brisbane,,,0.55,,,,,,,,Y,2,,
1958,Unnamed,1-Apr,,2,1,AU,QLD,Bowen,-20.0228,148.2431,1.5,4.92,,,,,,,Y,,,
1962,Unnamed,31-Dec,,2,1,AU,QLD,Brisbane,,,0.8,,,,,,,,Y,2,,
1964,Audrey,11-Jan,,2,1,AU,QLD,Karumba,-17.4814,140.8389,1.5,4.92,,,,,Astronomical Tide,,Y,2,,
1964,Unnamed,7-Dec,,2,1,AU,QLD,Palm Island,,,0.6,,,,,,,,Y,,,
1964,Dora,,,2,1,AU,QLD,Edward River,-14.5958,141.5539,,,3.4,,,,Low Water Neaps,,Y,,,
1967,Elaine,14-Mar,,2,1,AU,QLD,Cairns,,,0.5,,,,,,,,Y,3,,
1967,Dinah,,,2,1,AU,QLD,Sandgate,-27.3168,153.0718,,,3,9.84,,,,Estimation based on water above ground elevation,Y,2,,
1971,Althea,Dec 19-24,Low Tide,2,1,AU,QLD,Townsville,,,2.9,9.51,,,,,,,Y,2,,
1971,Fiona,20-22 Feb,,2,1,AU,QLD,Bundaberg,,,0.9,,,,,,,,Y,,,
1971,Gertie,16-Feb,,2,1,AU,QLD,Cardwell and Lindeman Island,,,0.6,,,,,,,,Y,3,,
1972,Emily,2-Apr,,2,1,AU,QLD,Gladstone and Bundaberg,,,0.9,,,,,,,,Y,2,,
1973,Una,19-Dec,,2,1,AU,QLD,Bowen,,,0.7,,,,,,,,Y,3,,
1974,Wanda,No dates in BOM,,2,1,AU,QLD,Between Noosa and Double Island Pt.,-26.1814,153.0894,1,3.28,,,,,,,Y,,,
1974,Zoe,12-Mar,,2,1,AU,QLD,Caloundra,-26.8078,153.1253,1,3.28,,,,,,,Y,,,
1974,Pam,7-Feb,,2,1,AU,QLD,Brisbane,,,0.7,,,,,,,,Y,3,,
1976,Ted,19-Dec,,2,1,AU,QLD,Karumba,,,2,6.56,3.6,,,,,,Y,2,,
1976,David,19-Jan,,2,1,AU,QLD,Rosslyn Bay,-23.1667,150.7806,1.2,3.94,,,,,,,Y,,,
1978,Peter,Dec 29- Jan 2 '79,,2,1,AU,QLD,Weipa,-12.6794,141.8847,1.2,3.94,2.3,,,,,,Y,,,
1979,Kerry,1-Mar,,2,1,AU,QLD,Mackay,,,0.7,2.3,,,,,,,Y,3,,
1981,Eddie,Feb 8-13,,2,1,AU,QLD,Wentworth Station,-16.9928,139.0801,1.5,4.92,,,,,,,Y,,,
1981,Cliff,14-Feb,,2,1,AU,QLD,Urangan,,,0.6,1.97,,,,,,,Y,3,,
1982,Dominic,Apr,,2,1,AU,QLD,Weipa,,,0.95,3.12,,,,,,,Y,2,,
1986,Winifred,1-Feb,,2,1,AU,QLD,Clump Point,,,1.8,5.91,1.7,,,,,,Y,2,,
1987,Jason,Feb 6-13,,2,1,AU,QLD,Karumba,,,2,6.56,3.1,,,,,,Y,2,,
1989,Felicity,15-Dec,,2,1,AU,QLD,Gilbert River,-16.4778,141.3072,2.4,7.87,,,,,,,Y,,,
1989,Aivu,Apr 1-5,,2,1,AU,QLD,Bowen,,,1.2,,2.3,,,,,,Y,2,,
1990,Joy,24-Dec,,2,1,AU,QLD,Port Douglas,,,0.5,,,,,,,,Y,2,,
1992,Fran,16-Mar,,2,1,AU,QLD,Burnett,-24.7753,152.4211,1,3.28,2.1,,,,,,Y,,,
1992,Mark,8-Jan,,2,1,AU,QLD,Karumba,,,0.8,,,,,,,,Y,3,,
1992,Nina,25-Dec,,2,1,AU,QLD,Weipa,,,0.7,,3.2,,,,,,Y,2,,
1992,Betsy,14-Jan,,2,1,AU,QLD,Urangan,,,0.6,,,,,,,,Y,3,,
1993,Roger,17-Mar,,2,1,AU,QLD,Gold Coast Seaway,,,0.7,1.3,,,,,,,Y,2,,
1995,Warren,Mar 4-6,,2,1,AU,QLD,Karumba,-17.4572,140.8275,1.5,4.92,,,,,,,Y,,,
1996,Ethel,Mar 7-13,,2,1,AU,QLD,Weipa,-12.6675,141.8622,1.18,3.87,,,,,,,Y,,,
1996,Barry,Jan 4-7,,2,1,AU,QLD,S of Staatan River mouth,-16.1942,141.3681,,,4,13.12,,,,Field survey by helicopter,Y,,,
1997,Mackay,10-Mar,,2,1,AU,QLD,Mackay,,,0.78,2.56,,,,,,,Y,2,,
2000,Steve,27-Feb,,2,1,AU,QLD,Cairns,,,0.78,,0.71,,,,Australian Height Datum,Tide Gauge,Y,3,,
2005,Ingrid,Mar 6-17,,2,1,AU,QLD,60 km south of the Lockhart River township,-13.3208,143.5253,2.5,8.2,,,,,,,Y,3,,
2006,Monica,Apr 17-25,,2,1,AU,QLD,Approximately 55-60 km SSE of Lockhart River,-13.2614,143.5169,3,9.84,,,,,,,Y,,,
2006,Larry,Mar 17-20,,2,1,AU,QLD,Bingil Bay Australia,-17.8339,146.0997,,,,,5,16.4,,Debris Line,Y,,,
2011,Yasi,2-Feb,,2,1,AU,QLD,Cardwell,-18.2637,146.0262,5.33,17.49,,,,,,,Y,2,,
1880,Unnamed,,,2,1,AU,WA,Yammadery Bank (Just NW of Onslow),-21.6319,115.1097,,,,,7.6,24.93,High Water Mark,,Y,2,,
1882,Unnamed,,,2,1,AU,WA,Twin Islands outside Cossack,-20.4925,117.2189,,,,,9.2,30.18,,,Y,2,,
1925,Unnamed,Jan,,2,1,AU,WA,Roebourne,-20.7692,117.1464,6.05,19.85,,,,,,,Y,3,,
1937,Unnamed,,,2,1,AU,WA,Road from Hamelin Pool to Denham,-26.2172,113.7701,,,5.5,,,,,,Y,,,
1939,Unnamed,Jan,,2,1,AU,WA,Port Hedland,-20.3086,118.5792,,,5.7,18.7,,,Australian Height Datum (AHD),,Y,2,,
1939,Unnamed,,,2,1,AU,WA,Port Hedland,-20.3086,118.5792,4.5,14.76,,,,,,,Y,,,
1942,Unnamed,Mar,,2,1,AU,WA,Port Hedland,-20.3083,118.5986,2,6.56,,,,,,,Y,3,,
1956,Unnamed,Feb-Mar,,2,1,AU,WA,Port Hedland,-20.3033,118.5942,2.4,7.87,,,,,,,Y,3,,
1958,Unnamed,Mar,,2,1,AU,WA,Onslow,,,2,6.56,,,,,,,Y,1,,
1961,Unnamed No. 5,25-Jan,,2,1,AU,WA,Onslow,-21.6397,115.1167,,,2.5,,,,Highest Tide Level,,Y,,,
1966,Unnamed,Mar,,2,1,AU,WA,Port Hedland,-20.3097,118.5772,1.2,3.94,,,,,,,Y,,,
1973,Kerry,Jan 19-24,,2,1,AU,WA,Port Hedland,-20.3028,118.6258,2.06,,3.81,,,,Australian Height Datum,Tide Gauge,Y,1,,
1975,Trixie,Feb 15-22,,2,1,AU,WA,Beadon Creek,-21.6487,115.1313,,,3,,,,,Low Water Mark,Y,2,,
1975,Joan,Nov 30- Dec 10,,2,1,AU,WA,Port Hedland,-20.3086,118.5792,2.6,8.53,,,,,,,Y,,,
1978,Alby,Mar 27- Apr 4,,2,1,AU,WA,Bunbury,-33.3314,115.6278,1.57,5.15,1.76,,,,Australian Height Datum,Tide Gauge,Y,,,
1979,Hazel,13-Mar,,2,1,AU,WA,Carnarvon,,,1.19,3.9,1.65,,,,Australian Height Datum,Tide Gauge,Y,3,,
1987,Connie,Jan 15-20,,2,1,AU,WA,Port Hedland,-20.3086,118.5792,2,6.56,,,,,,,Y,,,
1988,Herbie,May 18-19,,2,1,AU,WA,Denham,-25.9289,113.5344,2,6.56,,,,,,,Y,,,
1988,Charlie,Feb-29,,2,1,AU,WA,Shute Harbour and Mackay,,,0.6,1.97,,,,,,,Y,2,,
1989,Orson,Apr 17-24,,2,1,AU,WA,Dampier,-20.6619,116.7028,3.1,10.17,,,,,,,Y,,,
1992,Ian,Feb 27- Mar 3,,2,1,AU,WA,Barrow Island,-20.7094,115.4622,1.6,5.25,,,,,,,Y,,,
1994,Annette,Dec 15-19,,2,1,AU,WA,Just NE of Mandora Station (near Broome),-19.6953,120.8075,4,13.12,,,,,,,Y,,,
1995,Bobby,Feb 21-27,,2,1,AU,WA,King Bay about 30 km w of Karratha,-20.7828,116.6744,1.3,4.27,,,,,,,Y,,,
1997,Rachel,Jan 3-8,1500 WST,2,1,AU,WA,Port Hedland Harbour,-20.3142,118.5733,1.25,4.1,,,,,,,Y,3,,
1998,Les,29-Jan,,2,1,AU,WA,Wyndham,,,1.47,,4,,,,Australian Height Datum,Tide Gauge,Y,3,,
1999,Vance,Mar 18-24,,2,1,AU,WA,West of Onslow near Tubridgi Point,-21.8017,114.7383,,,5.5,18.04,,,,Field observations,Y,,,
1999,John,Dec 9-16,,2,1,AU,WA,Port Hedland,-20.3086,118.5801,2,6.56,,,,,,,Y,,,
2000,Rosita,Apr 17-21,,2,1,AU,WA,N side of dunes approx 7km W of Thangoo Station,-18.1972,122.2592,,,,,6,19.68,,Debris Line,Y,,,
2002,Chris,Feb 2-7,,2,1,AU,WA,West of Wallal,-19.8475,120.4097,3.5,11.48,,,,,,,Y,,,
2005,Ingrid,Mar 6-17,,2,1,AU,WA,Faraway Bay Resort NE of Kalumburu,-13.8958,127.0644,,,3,,,,,,Y,2,,
2006,Glenda,Mar 27-31,,2,1,AU,WA,King Bay,-20.7622,116.6242,1.5,4.92,5.8,,,,,,Y,,,
1987,Sally,Dec 26- Jan 05,,2,3,CK,,Rarotonga Cook Islands,-21.2058,-159.7747,5,16.4,,,,,,,Y,,,
1941,Unnamed,,,2,3,FJ,,Southern Viti Levu Island,-18.2317,178.1742,1.8,5.91,,,,,,,Y,,,
1979,Meli,24-31 Mar,,2,3,FJ,,Nayau Island,-17.9594,-179.0508,3,9.84,,,,,,,Y,,,
1983,Oscar,23 Feb- 06 Mar,,2,3,FJ,,Beqa Island Fiji,-18.4075,178.1033,4,13.12,,,,,,,Y,,,
1985,Hina,11-20 Mar,,2,3,FJ,,Southern Viti Levu Island,-18.1767,177.5919,1,3.28,,,,,,,Y,,,
1997,Gavin,,,2,3,FJ,,Lautoka Wharf,-17.604,177.4389,2.78,9.12,,,,,,,Y,,,
2010,Tomas,Mar 11-17,,2,3,FJ,,Lau Island Group,,,7,,,,,,,,Y,,,
1983,Veena,08-14 Apr,,2,3,FR,,Tikehau Atoll Tuamotu Archipelago (France),-14.9319,-148.2228,4,13.12,,,,,,,Y,2,,
2005,Percy,26-Feb,,2,3,NZ,,Nukunonu atoll in Tokelau (NZ),-9.2003,-171.8492,2,6.56,,,,,,,Y,1,,
1906,Unnamed,,,2,3,PF,,Papeete French Polynesia,-17.5358,-149.5692,2.25,7.38,,,,,,,Y,,,
1933,Unnamed,,,2,3,PF,,Austral Islands,-23.3433,-149.4728,1.5,4.92,,,,,,,Y,,,
1970,Emma,27 Feb- 06 Mar,,2,3,PF,,Bora-Bora - French Polynesia,-16.5006,-151.7522,3,9.84,,,,,,,Y,,,
2002,Zoe,26 Dec- 01 Jan,,2,3,SB,,Tikopia and Anuta,,,5.5,18.04,,,,,,,Y,,,
1982,Isaac,,,2,3,TO,,Togatapu Island - Tonga,,,2.8,9.19,,,,,,,Y,,,
1971,Bebe,,,2,3,TV,,Funafuti Atoll - Tuvalu,-8.5036,179.1967,4,13.12,,,,,,,Y,,,
2004,Heta,5-Jan,,2,3,WS,,Apia,,,,,1.4,,,,,,Y,,,
2012,Evan,Dec 11-19,,2,3,WS,,Apia Bay,-13.8294,-171.7703,4.5,14.76,,,,,,,Y,,,
1876,Unnamed,Oct 27- Nov 1,,3,1,BD,,Bangladesh,,,,,13.7,,,,,,Y,,,
1958,Unnamed,Oct 21-24,,3,1,BD,,Bangladesh,22.4717,91.7064,,,1.8,5.91,,,,,Y,,,
1960,Unnamed,Oct 30-31,,3,1,BD,,Bangladesh,21.8011,91.9022,,,9.1,29.86,,,,,Y,,,
1960,Unnamed,Oct 7-10,,3,1,BD,,Bangladesh,22.0817,90.9094,,,6.1,20.01,,,,,Y,,,
1961,Unnamed,May 6-9,,3,1,BD,,Bangladesh,22.0933,91.0494,,,8.8,28.87,,,,,Y,,,
1961,Unnamed,May 27-30,,3,1,BD,,Bangladesh,22.2308,91.7961,,,8.8,28.87,,,,,Y,,,
1963,Unnamed,May 25-29,,3,1,BD,,Bangladesh,22.5161,91.6917,,,9.1,29.86,,,,,Y,,,
1965,Unnamed,May 31-Jun 1,,3,1,BD,,Bangladesh,22.1144,90.8001,,,7.6,24.93,,,,,Y,,,
1965,Unnamed,May 10-12,,3,1,BD,,Bangladesh,21.7675,89.4458,,,5.8,19.03,,,,,Y,,,
1965,Unnamed,Dec 11-15,,3,1,BD,,Bangladesh,21.6667,91.8631,,,3.9,12.8,,,,,Y,,,
1966,Unnamed,Sep 27-Oct 1,,3,1,BD,,Bangladesh,21.6692,89.2589,,,9.6,31.5,,,,,Y,,,
1967,Unnamed,Oct 10-11,,3,1,BD,,Bangladesh,21.8278,90.2386,,,8.8,28.87,,,,,Y,,,
1967,Unnamed,Oct 22-24,,3,1,BD,,Bangladesh,20.6619,92.4628,,,7.6,24.93,,,,,Y,,,
1968,Unnamed,May 8-10,,3,1,BD,,Bangladesh,20.0592,93.3328,,,4.6,15.09,,,,,Y,,,
1969,Unnamed,10-Oct,,3,1,BD,,Bangladesh,21.6114,88.9994,,,7.3,23.95,,,,,Y,,,
1970,Chittagong Cyclone,11-13 Nov,,3,1,BD,,North of Chittagong,22.4436,91.7181,,,9.1,29.86,,,,,Y,,,
1970,Unnamed,May 5-7,,3,1,BD,,Bangladesh,21.0872,92.1247,,,4.9,16.08,,,,,Y,,,
1971,Unnamed,6-Nov,,3,1,BD,,Bangladesh,22.2308,91.7961,,,6.1,20.01,,,,,Y,,,
1971,Unnamed,30-Sep,,3,1,BD,,Bangladesh,21.6214,88.4142,,,5,16.4,,,,,Y,,,
1971,Unnamed,8-May,,3,1,BD,,Bangladesh,21.2686,92.0486,,,5,16.4,,,,,Y,,,
1973,Unnamed,9-Dec,,3,1,BD,,Bangladesh,21.8547,89.7631,,,5.1,16.73,,,,,Y,,,
1973,Unnamed,18-Nov,,3,1,BD,,Bangladesh,22.8033,91.4414,,,4.3,14.11,,,,,Y,,,
1974,Unnamed,15-Aug,,3,1,BD,,Bangladesh,21.5094,87.1167,,,7.1,23.29,,,,,Y,,,
1974,Unnamed,28-Nov,,3,1,BD,,Bangladesh,22.5653,91.0336,,,5.3,17.39,,,,,Y,,,
1976,Unnamed,21-Oct,,3,1,BD,,Bangladesh,22.0558,91.8751,,,5.3,17.39,,,,,Y,,,
1981,Unnamed,10-Dec,,3,1,BD,,Bangladesh,21.6003,88.2431,,,2.2,7.22,,,,,Y,,,
1985,Unnamed,25-May,,3,1,BD,,Bangladesh,21.7433,91.2892,,,4.5,16.4,,,,,Y,,,
1989,Unnamed,29-Nov,,3,1,BD,,Bangladesh,,,,,3.3,,,,,,Y,,,
1991,Chittagong Cyclone - Cyclone Gorky,19-Apr,,3,1,BD,,Bangladesh,22.3531,91.7561,7.6,24.93,8.2,,,,,,Y,,,
2007,Sidr,15-Nov,,3,1,BD,,Outlet of the Baleswar River,21.7228,89.4003,5.75,,,,,,,,Y,,,
1737,Unnamed,October,,3,1,IN,,Sunderbans (storm crossed coast at mouth of Hooghly River),,,12,,,,,,,,Y,,,
1864,Unnamed,Oct,,3,1,IN,,Calcutta and Surroundings,,,12,,,,,,,,Y,,,
1885,False Point Cyclone,Sept,,3,1,IN,,North Orissa,,,7,22,,,,,,,Y,,,
1952,Unnamed,November,,3,1,IN,,South Coromandal Coast and Northern Shores of Palk Bay,,,3,,,,,,,,Y,,,
1964,Rameswaram,Dec,,3,1,IN,,India,10.3144,79.3811,,,5,16.4,,,,,Y,,,
1971,Unnamed,30-Oct,,3,1,IN,,India,21.2305,86.8522,,,5,16.4,,,,,Y,,,
1976,Unnamed,25-Nov,,3,1,IN,,Visakhapatam,17.6229,83.2291,,,0.22,0.72,,,,,Y,,,
1977,Andhra Cyclone,19-Nov,,3,1,IN,,Just southwest of Machilipatnam (near Divi Island),16.0589,81.1636,,,5,16.4,,,Mean Sea Level,,Y,,,
1978,Unnamed,4-Nov,,3,1,IN,,Chennai,,,,,0.2,,,,,,Y,,,
1981,Unnamed,7-Aug,,3,1,IN,,Paradip,20.2821,86.6711,,,0.43,,,,,,Y,,,
1982,Orissa Cyclone,3-Jun,,3,1,IN,,Dharma Port,20.8169,86.9686,,,3.5,11.48,,,,,Y,,,
1984,Unnamed,1-Aug,,3,1,IN,,Paradip,20.2821,86.6711,,,0.4,,,,,,Y,,,
1986,Unnamed,12-Aug,,3,1,IN,,Visakhapatam,17.6229,83.2291,,,1.8,,,,,,Y,,,
1989,Kavali Cyclone,2-9 Nov,,3,1,IN,,Near Kottapatnam,15.4319,80.1734,4,,,,,,,,Y,,,
1990,Andhra or Divi Cyclone,9-May,,3,1,IN,,Andhra Pradesh just SW of Krishna River,15.8783,80.7247,,,4.5,,,,,,Y,,,
1992,Tuticorin Cyclone,11-17 Nov,,3,1,IN,,East of Tuticorin Tamil Nadu,8.9639,78.2131,,,1.5,4.92,,,,,Y,,,
1993,Karaikal Cyclone,2-4 Dec,,3,1,IN,,North of Karaikal,10.9951,79.8539,,,1,3.28,,,,,Y,,,
1996,Kakinada Cyclone,1-7 Nov,,3,1,IN,,Near Kakinada,16.953,82.2689,4.1,,,,,,,,Y,,,
1999,Orissa Cyclone,Oct,,3,1,IN,,Near Paradip India,20.2769,86.6678,7.5,,,,,,,,Y,,,
2010,Laila,May 17-21,,3,1,IN,,,,,,,,,,,,,Y,,,
2010,Jal,Nov 4-7,,3,1,IN,,,,,,,,,,,,,Y,,,
2011,Thane,Dec 25-30,,3,1,IN,,Cuddalore Puducherry and Villuparam,11.9359,79.8372,,,1,3.28,,,,,Y,,,
1975,Bassein Cyclone,4-8 May,,3,1,MM,,Pegu,16.5844,94.3439,,,5,16.4,,,,,Y,,,
1982,Gwa,,,3,1,MM,,Between Gwa and Pathein,17.1931,94.5264,4,13.12,,,,,,,Y,,,
2006,Mala,,,3,1,MM,,South of Gwa,17.3944,94.5697,4,13.12,,,,,,,Y,,,
2008,Nargis,,,3,1,MM,,Pyinsalu Myanmar,15.8204,94.8115,,,5,,,,,,Y,,,
2010,Giri,Oct 21-22,,3,1,MM,,Myanmar,,,,,,,,,,,Y,,,
1975,Porbandar Cyclone,October,,3,2,IN,,Just north of Porbandar India,21.669,69.5462,2.8,,,,,,,,Y,,,
1998,Kandla,June,,3,2,IN,,India,22.9901,70.2244,2.5,,,,,,,,Y,,,
2007,Gonu,Jun 2-7,,3,2,OM,,Ras al-Hadd,22.529,59.7983,,,,,5,,,,Y,,,
2010,Phet,May 31- Jun 6,,3,2,OM,,Oman,,,,,,,,,,,Y,,,
1999,Karachi Cyclone,May,,3,2,PK,,,,,,,,,,,,,Y,,,
2001,Unnamed,May,,3,2,PK,,South of Kori Creek,23.4359,68.529,1,3.28,,,,,,,Y,,,
2011,Bingiza,14-Feb,,4,1,MG,,Near Manambolosy,-16.0278,49.6783,3.5,11.48,,,,,,,Y,1,,
2012,Giovanna,Feb 9-21,,4,1,MG,,,,,,,,,,,,,Y,,,
2012,Funso,Jan 19-28,,4,2,MO,,Mozambique,,,,,,,,,,,Y,,,
,,,,,,,,,,,,,,,,,,,,2,2,2
,,,,,,,,,,,,,,,,,,,,3,20.2,20
,,,,,,,,,,,,,,,,,,,,3,22,22
,,,,,,,,,,,,,,,,,,,,3,16,16
,,,,,,,,,,,,,,,,,,,,2,21,21
,,,,,,,,,,,,,,,,,,,,3,33,33
,,,,,,,,,,,,,,,,,,,,1,30.2,30
,,,,,,,,,,,,,,,,,,,,3,48,48
,,,,,,,,,,,,,,,,,,,,1,51,51
,,,,,,,,,,,,,,,,,,,,1,53,53
,,,,,,,,,,,,,,,,,,,,3,59,59
,,,,,,,,,,,,,,,,,,,,2,58,58
,,,,,,,,,,,,,,,,,,,,3,61.2,61
,,,,,,,,,,,,,,,,,,,,2,70.2,70
,,,,,,,,,,,,,,,,,,,,3,73.2,73
,,,,,,,,,,,,,,,,,,,,3,78.3,78
,,,,,,,,,,,,,,,,,,,,3,78.2,78
,,,,,,,,,,,,,,,,,,,,2,77,77
,,,,,,,,,,,,,,,,,,,,3,85.2,85
,,,,,,,,,,,,,,,,,,,,3,92,92
,,,,,,,,,,,,,,,,,,,,3,103,103
,,,,,,,,,,,,,,,,,,,,3,101,101
,,,,,,,,,,,,,,,,,,,,3,99,99
,,,,,,,,,,,,,,,,,,,,3,107,107
,,,,,,,,,,,,,,,,,,,,1,108,108
,,,,,,,,,,,,,,,,,,,,3,110,110
,,,,,,,,,,,,,,,,,,,,3,109,109
,,,,,,,,,,,,,,,,,,,,,111,111
,,,,,,,,,,,,,,,,,,,,2,115,115
,,,,,,,,,,,,,,,,,,,,3,113,113
,,,,,,,,,,,,,,,,,,,,3,114,114
,,,,,,,,,,,,,,,,,,,,2,121,121
,,,,,,,,,,,,,,,,,,,,3,117,117
,,,,,,,,,,,,,,,,,,,,3,119,119
,,,,,,,,,,,,,,,,,,,,2,123,123
,,,,,,,,,,,,,,,,,,,,1,124,124
,,,,,,,,,,,,,,,,,,,,2,126.2,126
,,,,,,,,,,,,,,,,,,,,2,126.1,126
,,,,,,,,,,,,,,,,,,,,3,127,127
,,,,,,,,,,,,,,,,,,,,3,128,128
,,,,,,,,,,,,,,,,,,,,3,130,130
,,,,,,,,,,,,,,,,,,,,3,129,129
,,,,,,,,,,,,,,,,,,,,3,135,135
,,,,,,,,,,,,,,,,,,,,1,136,136
,,,,,,,,,,,,,,,,,,,,1,139,139
,,,,,,,,,,,,,,,,,,,,2,145,145
,,,,,,,,,,,,,,,,,,,,4,146.2,146
,,,,,,,,,,,,,,,,,,,,2,146.1,146
,,,,,,,,,,,,,,,,,,,,2,155.1,155
,,,,,,,,,,,,,,,,,,,,2,154,154
,,,,,,,,,,,,,,,,,,,,2,158,158
,,,,,,,,,,,,,,,,,,,,1,160.2,160
,,,,,,,,,,,,,,,,,,,,2,159,159
,,,,,,,,,,,,,,,,,,,,2,170.2,170
,,,,,,,,,,,,,,,,,,,,1,166,166
,,,,,,,,,,,,,,,,,,,,2,175.2,175
,,,,,,,,,,,,,,,,,,,,3,174,174
,,,,,,,,,,,,,,,,,,,,3,178.1,178
,,,,,,,,,,,,,,,,,,,,2,178.2,178
,,,,,,,,,,,,,,,,,,,,3,184,184
,,,,,,,,,,,,,,,,,,,,3,185.2,185
,,,,,,,,,,,,,,,,,,,,3,185.1,185
,,,,,,,,,,,,,,,,,,,,3,194,194
,,,,,,,,,,,,,,,,,,,,2,199,199
,,,,,,,,,,,,,,,,,,,,3,202,202
,,,,,,,,,,,,,,,,,,,,3,205,205
,,,,,,,,,,,,,,,,,,,,3,206.2,206
,,,,,,,,,,,,,,,,,,,,3,206.1,206
,,,,,,,,,,,,,,,,,,,,1,204,204
,,,,,,,,,,,,,,,,,,,,3,209,209
,,,,,,,,,,,,,,,,,,,,3,208,208
,,,,,,,,,,,,,,,,,,,,2,212,212
,,,,,,,,,,,,,,,,,,,,2,211,211
,,,,,,,,,,,,,,,,,,,,3,215,215
,,,,,,,,,,,,,,,,,,,,3,218,218
,,,,,,,,,,,,,,,,,,,,1,216,216
,,,,,,,,,,,,,,,,,,,,3,224,224
,,,,,,,,,,,,,,,,,,,,3,229.2,229
,,,,,,,,,,,,,,,,,,,,2,229.1,229
,,,,,,,,,,,,,,,,,,,,1,228,228
,,,,,,,,,,,,,,,,,,,,3,235,235
,,,,,,,,,,,,,,,,,,,,2,236,236
,,,,,,,,,,,,,,,,,,,,2,241,241
,,,,,,,,,,,,,,,,,,,,3,239,239
,,,,,,,,,,,,,,,,,,,,2,245,245
,,,,,,,,,,,,,,,,,,,,2,243,243
,,,,,,,,,,,,,,,,,,,,3,242,242
,,,,,,,,,,,,,,,,,,,,3,254,254
,,,,,,,,,,,,,,,,,,,,3,259,259
,,,,,,,,,,,,,,,,,,,,2,261,261
,,,,,,,,,,,,,,,,,,,,3,260,260
,,,,,,,,,,,,,,,,,,,,3,265.1,265
,,,,,,,,,,,,,,,,,,,,3,265.2,265
,,,,,,,,,,,,,,,,,,,,3,263,263
,,,,,,,,,,,,,,,,,,,,2,267,267
,,,,,,,,,,,,,,,,,,,,1,270,270
,,,,,,,,,,,,,,,,,,,,3,268,268
,,,,,,,,,,,,,,,,,,,,3,269,269
,,,,,,,,,,,,,,,,,,,,3,266,266
,,,,,,,,,,,,,,,,,,,,2,272.2,272
,,,,,,,,,,,,,,,,,,,,4,271,271
,,,,,,,,,,,,,,,,,,,,3,272.1,272
,,,,,,,,,,,,,,,,,,,,3,277,277
,,,,,,,,,,,,,,,,,,,,3,278,278
,,,,,,,,,,,,,,,,,,,,3,276,276
,,,,,,,,,,,,,,,,,,,,3,274,274
,,,,,,,,,,,,,,,,,,,,2,275,275
,,,,,,,,,,,,,,,,,,,,2,280,280
,,,,,,,,,,,,,,,,,,,,3,281,281
,,,,,,,,,,,,,,,,,,,,4,279,279
,,,,,,,,,,,,,,,,,,,,2,282,282
,,,,,,,,,,,,,,,,,,,,2,284,284
,,,,,,,,,,,,,,,,,,,,3,287,287
,,,,,,,,,,,,,,,,,,,,2,288,288
,,,,,,,,,,,,,,,,,,,,2,289,289
,,,,,,,,,,,,,,,,,,,,2,285,285
,,,,,,,,,,,,,,,,,,,,2,286,286
,,,,,,,,,,,,,,,,,,,,2,290,290
,,,,,,,,,,,,,,,,,,,,3,291.2,291
,,,,,,,,,,,,,,,,,,,,3,291.1,291
,,,,,,,,,,,,,,,,,,,,2,292,292
,,,,,,,,,,,,,,,,,,,,2,293.2,293
,,,,,,,,,,,,,,,,,,,,2,294.1,294
,,,,,,,,,,,,,,,,,,,,3,293.1,293
,,,,,,,,,,,,,,,,,,,,2,294.2,294
,,,,,,,,,,,,,,,,,,,,2,295,295
,,,,,,,,,,,,,,,,,,,,3,298,298
,,,,,,,,,,,,,,,,,,,,2,299,299
,,,,,,,,,,,,,,,,,,,,2,297,297
,,,,,,,,,,,,,,,,,,,,2,300,300
,,,,,,,,,,,,,,,,,,,,2,303,303
,,,,,,,,,,,,,,,,,,,,2,305,305
,,,,,,,,,,,,,,,,,,,,3,304,304
,,,,,,,,,,,,,,,,,,,,2,306,306
,,,,,,,,,,,,,,,,,,,,2,308.2,308
,,,,,,,,,,,,,,,,,,,,3,309,309
,,,,,,,,,,,,,,,,,,,,2,308.1,308
,,,,,,,,,,,,,,,,,,,,3,310,310
,,,,,,,,,,,,,,,,,,,,3,311,311
,,,,,,,,,,,,,,,,,,,,2,313,313
,,,,,,,,,,,,,,,,,,,,2,315,315
,,,,,,,,,,,,,,,,,,,,2,314,314
,,,,,,,,,,,,,,,,,,,,2,318,318
,,,,,,,,,,,,,,,,,,,,2,317,317
,,,,,,,,,,,,,,,,,,,,2,321,321
,,,,,,,,,,,,,,,,,,,,3,326.2,326
,,,,,,,,,,,,,,,,,,,,3,322,322
,,,,,,,,,,,,,,,,,,,,2,323,323
,,,,,,,,,,,,,,,,,,,,2,325,325
,,,,,,,,,,,,,,,,,,,,3,324,324
,,,,,,,,,,,,,,,,,,,,2,329,329
,,,,,,,,,,,,,,,,,,,,2,328,328
,,,,,,,,,,,,,,,,,,,,3,327,327
,,,,,,,,,,,,,,,,,,,,2,332,332
,,,,,,,,,,,,,,,,,,,,2,334,334
,,,,,,,,,,,,,,,,,,,,3,333,333
,,,,,,,,,,,,,,,,,,,,3,340.2,340
,,,,,,,,,,,,,,,,,,,,2,338.2,338
,,,,,,,,,,,,,,,,,,,,3,339,339
,,,,,,,,,,,,,,,,,,,,2,338.1,338
,,,,,,,,,,,,,,,,,,,,2,337,337
,,,,,,,,,,,,,,,,,,,,3,341,341
,,,,,,,,,,,,,,,,,,,,2,343,343
,,,,,,,,,,,,,,,,,,,,3,345,345
,,,,,,,,,,,,,,,,,,,,3,346,346
,,,,,,,,,,,,,,,,,,,,3,347,347
,,,,,,,,,,,,,,,,,,,,3,344,344
,,,,,,,,,,,,,,,,,,,,3,348,348
,,,,,,,,,,,,,,,,,,,,3,349,349
,,,,,,,,,,,,,,,,,,,,2,350,350
,,,,,,,,,,,,,,,,,,,,3,351,351
,,,,,,,,,,,,,,,,,,,,2,353.1,353
,,,,,,,,,,,,,,,,,,,,2,353.2,353
,,,,,,,,,,,,,,,,,,,,2,354,354
,,,,,,,,,,,,,,,,,,,,3,356,356
,,,,,,,,,,,,,,,,,,,,2,355,355
,,,,,,,,,,,,,,,,,,,,2,357,357
,,,,,,,,,,,,,,,,,,,,2,358,358
,,,,,,,,,,,,,,,,,,,,2,363,363
,,,,,,,,,,,,,,,,,,,,2,360,360
,,,,,,,,,,,,,,,,,,,,2,362,362
,,,,,,,,,,,,,,,,,,,,2,366,366
,,,,,,,,,,,,,,,,,,,,3,365,365
,,,,,,,,,,,,,,,,,,,,2,367,367
,,,,,,,,,,,,,,,,,,,,2,369,369
,,,,,,,,,,,,,,,,,,,,2,371.2,371
,,,,,,,,,,,,,,,,,,,,2,370,370
,,,,,,,,,,,,,,,,,,,,2,371.1,371
,,,,,,,,,,,,,,,,,,,,3,368,368
,,,,,,,,,,,,,,,,,,,,2,373,373
,,,,,,,,,,,,,,,,,,,,2,376,376
,,,,,,,,,,,,,,,,,,,,2,374,374
,,,,,,,,,,,,,,,,,,,,2,375,375
,,,,,,,,,,,,,,,,,,,,2,378,378
,,,,,,,,,,,,,,,,,,,,3,379,379
,,,,,,,,,,,,,,,,,,,,2,383,383
,,,,,,,,,,,,,,,,,,,,2,381,381
,,,,,,,,,,,,,,,,,,,,2,384,384
,,,,,,,,,,,,,,,,,,,,2,382,382
,,,,,,,,,,,,,,,,,,,,3,388,388
,,,,,,,,,,,,,,,,,,,,2,386,386
,,,,,,,,,,,,,,,,,,,,3,385,385
,,,,,,,,,,,,,,,,,,,,2,389,389
,,,,,,,,,,,,,,,,,,,,3,387,387
,,,,,,,,,,,,,,,,,,,,2,390,390
,,,,,,,,,,,,,,,,,,,,2,393,393
,,,,,,,,,,,,,,,,,,,,2,391,391
,,,,,,,,,,,,,,,,,,,,2,398.1,398
,,,,,,,,,,,,,,,,,,,,3,400,400
,,,,,,,,,,,,,,,,,,,,2,399,399
,,,,,,,,,,,,,,,,,,,,3,395,395
,,,,,,,,,,,,,,,,,,,,2,398.2,398
,,,,,,,,,,,,,,,,,,,,3,396,396
,,,,,,,,,,,,,,,,,,,,2,397,397
,,,,,,,,,,,,,,,,,,,,3,401,401
,,,,,,,,,,,,,,,,,,,,2,405.1,405
,,,,,,,,,,,,,,,,,,,,3,403.1,403
,,,,,,,,,,,,,,,,,,,,2,405.2,405
,,,,,,,,,,,,,,,,,,,,3,406.2,406
,,,,,,,,,,,,,,,,,,,,2,407,407
,,,,,,,,,,,,,,,,,,,,3,403.2,403
,,,,,,,,,,,,,,,,,,,,2,402,402
,,,,,,,,,,,,,,,,,,,,3,404,404
,,,,,,,,,,,,,,,,,,,,3,406.1,406
,,,,,,,,,,,,,,,,,,,,2,408,408
,,,,,,,,,,,,,,,,,,,,2,409,409
,,,,,,,,,,,,,,,,,,,,3,411,411
,,,,,,,,,,,,,,,,,,,,2,412,412
,,,,,,,,,,,,,,,,,,,,3,417.2,417
,,,,,,,,,,,,,,,,,,,,2,416.1,416
,,,,,,,,,,,,,,,,,,,,2,414,414
,,,,,,,,,,,,,,,,,,,,2,418.1,418
,,,,,,,,,,,,,,,,,,,,2,417.1,417
,,,,,,,,,,,,,,,,,,,,3,418.2,418
,,,,,,,,,,,,,,,,,,,,3,420,420
,,,,,,,,,,,,,,,,,,,,3,419,419
,,,,,,,,,,,,,,,,,,,,3,421,421
,,,,,,,,,,,,,,,,,,,,3,423,423
,,,,,,,,,,,,,,,,,,,,3,426,426
,,,,,,,,,,,,,,,,,,,,2,427,427
,,,,,,,,,,,,,,,,,,,,3,428,428
,,,,,,,,,,,,,,,,,,,,3,429,429
,,,,,,,,,,,,,,,,,,,,2,,
,,,,,,,,,,,,,,,,,,,,2,,
,,,,,,,,,,,,,,,,,,,,3,,
,,,,,,,,,,,,,,,,,,,,2,,
,,,,,,,,,,,,,,,,,,,,2,,
,,,,,,,,,,,,,,,,,,,,2,,
,,,,,,,,,,,,,,,,,,,,2,,
,,,,,,,,,,,,,,,,,,,,,116.1,116
,,,,,,,,,,,,,,,,,,,,1,,
,,,,,,,,,,,,,,,,,,,,,126.1,126
,,,,,,,,,,,,,,,,,,,,,125.1,125
,,,,,,,,,,,,,,,,,,,,,131.1,131
,,,,,,,,,,,,,,,,,,,,2,130.1,130
,,,,,,,,,,,,,,,,,,,,2,143.1,143
,,,,,,,,,,,,,,,,,,,,2,144.1,144
,,,,,,,,,,,,,,,,,,,,,150.1,150
,,,,,,,,,,,,,,,,,,,,2,154.1,154
,,,,,,,,,,,,,,,,,,,,,159.1,159
,,,,,,,,,,,,,,,,,,,,2,171.1,171
,,,,,,,,,,,,,,,,,,,,,176.1,176
,,,,,,,,,,,,,,,,,,,,,175.1,175
,,,,,,,,,,,,,,,,,,,,,184.1,184
,,,,,,,,,,,,,,,,,,,,,182.1,182
,,,,,,,,,,,,,,,,,,,,2,185.11,185.1
,,,,,,,,,,,,,,,,,,,,,190.1,190
,,,,,,,,,,,,,,,,,,,,,194.1,194
,,,,,,,,,,,,,,,,,,,,2,198.2,198
,,,,,,,,,,,,,,,,,,,,,202.1,202
,,,,,,,,,,,,,,,,,,,,,208.1,208
,,,,,,,,,,,,,,,,,,,,3,207.2,207
,,,,,,,,,,,,,,,,,,,,3,210.1,210
,,,,,,,,,,,,,,,,,,,,2,212.1,212
,,,,,,,,,,,,,,,,,,,,2,217.1,217
,,,,,,,,,,,,,,,,,,,,,214.1,214
,,,,,,,,,,,,,,,,,,,,,221.1,221
,,,,,,,,,,,,,,,,,,,,,223.1,223
,,,,,,,,,,,,,,,,,,,,,229.1,229
,,,,,,,,,,,,,,,,,,,,3,238.1,238
,,,,,,,,,,,,,,,,,,,,3,236.1,236
,,,,,,,,,,,,,,,,,,,,,241.1,241
,,,,,,,,,,,,,,,,,,,,,240.1,240
,,,,,,,,,,,,,,,,,,,,3,239.1,239
,,,,,,,,,,,,,,,,,,,,,242.1,242
,,,,,,,,,,,,,,,,,,,,2,245.1,245
,,,,,,,,,,,,,,,,,,,,2,247.1,247
,,,,,,,,,,,,,,,,,,,,,246.1,246
,,,,,,,,,,,,,,,,,,,,3,250.3,250
,,,,,,,,,,,,,,,,,,,,2,253.1,253
,,,,,,,,,,,,,,,,,,,,2,255.2,255
,,,,,,,,,,,,,,,,,,,,2,259.1,259
,,,,,,,,,,,,,,,,,,,,2,258.1,258
,,,,,,,,,,,,,,,,,,,,2,257.1,257
,,,,,,,,,,,,,,,,,,,,2,260.2,260
,,,,,,,,,,,,,,,,,,,,2,262.1,262
,,,,,,,,,,,,,,,,,,,,2,261.1,261
,,,,,,,,,,,,,,,,,,,,2,265.1,265
,,,,,,,,,,,,,,,,,,,,2,270.2,270
,,,,,,,,,,,,,,,,,,,,2,276.1,276
,,,,,,,,,,,,,,,,,,,,2,275.2,275
,,,,,,,,,,,,,,,,,,,,2,277.1,277
,,,,,,,,,,,,,,,,,,,,2,281.2,281
,,,,,,,,,,,,,,,,,,,,4,284.2,284
,,,,,,,,,,,,,,,,,,,,2,283.11,283.1
,,,,,,,,,,,,,,,,,,,,2,289.2,289
,,,,,,,,,,,,,,,,,,,,2,293.1,293
,,,,,,,,,,,,,,,,,,,,2,292.1,292
,,,,,,,,,,,,,,,,,,,,3,294.1,294
,,,,,,,,,,,,,,,,,,,,2,295.2,295
,,,,,,,,,,,,,,,,,,,,2,298.1,298
,,,,,,,,,,,,,,,,,,,,2,297.1,297
,,,,,,,,,,,,,,,,,,,,2,299.1,299
,,,,,,,,,,,,,,,,,,,,2,300.1,300
,,,,,,,,,,,,,,,,,,,,3,308.1,308
,,,,,,,,,,,,,,,,,,,,,307.1,307
,,,,,,,,,,,,,,,,,,,,,306.2,306
,,,,,,,,,,,,,,,,,,,,,305.1,305
,,,,,,,,,,,,,,,,,,,,2,310.1,310
,,,,,,,,,,,,,,,,,,,,3,312.1,312
,,,,,,,,,,,,,,,,,,,,2,311.11,311.1
,,,,,,,,,,,,,,,,,,,,3,311.1,311
,,,,,,,,,,,,,,,,,,,,2,316.1,316
,,,,,,,,,,,,,,,,,,,,,314.1,314
,,,,,,,,,,,,,,,,,,,,,313.1,313
,,,,,,,,,,,,,,,,,,,,2,319.11,319.1
,,,,,,,,,,,,,,,,,,,,2,319.1,319
,,,,,,,,,,,,,,,,,,,,2,322.1,322
,,,,,,,,,,,,,,,,,,,,,321.1,321
,,,,,,,,,,,,,,,,,,,,3,323.1,323
,,,,,,,,,,,,,,,,,,,,2,330.1,330
,,,,,,,,,,,,,,,,,,,,2,327.1,327
,,,,,,,,,,,,,,,,,,,,,326.1,326
,,,,,,,,,,,,,,,,,,,,,325.1,325
,,,,,,,,,,,,,,,,,,,,,324.1,324
,,,,,,,,,,,,,,,,,,,,3,334.1,334
,,,,,,,,,,,,,,,,,,,,3,333.2,333
,,,,,,,,,,,,,,,,,,,,3,332.1,332
,,,,,,,,,,,,,,,,,,,,3,331.11,331.1
,,,,,,,,,,,,,,,,,,,,3,331.1,331
,,,,,,,,,,,,,,,,,,,,3,330.21,330.2
,,,,,,,,,,,,,,,,,,,,3,336.2,336
,,,,,,,,,,,,,,,,,,,,3,336.2,336
,,,,,,,,,,,,,,,,,,,,2,335.1,335
,,,,,,,,,,,,,,,,,,,,3,334.11,334.1
,,,,,,,,,,,,,,,,,,,,3,336.11,336.1
,,,,,,,,,,,,,,,,,,,,,340.11,340.1
,,,,,,,,,,,,,,,,,,,,,340.1,340
,,,,,,,,,,,,,,,,,,,,2,339.1,339
,,,,,,,,,,,,,,,,,,,,,342.1,342
,,,,,,,,,,,,,,,,,,,,3,344.2,344
,,,,,,,,,,,,,,,,,,,,2,,
1961,Hattie,,,5,3,BZ,,Belize City Belize,17.5019,-88.1867,4.27,14,,,,,,,Y,,,
1978,Greta,,,5,3,BZ,,North part of Stann Creek,17.0333,-88.2431,2.13,7,,,,,,,Y,,,
2000,Keith,Sep 28- Oct 6,,5,3,BZ,,Caye Caulker,17.7417,-88.0239,1.52,5,,,,,,,Y,2,,
2001,Iris,Oct 4-9,,5,3,BZ,,Placenia and Independence,16.5186,-88.3672,4.57,15,,,,,,,Y,,,
2010,Richard,Oct 21-26,,5,3,BZ,,,,,,,,,,,,,Y,,,
1974,Fifi,,,5,3,BZ/HN,,Southern Belize/ Northern Honduras,15.9614,-88.9269,3.66,12,,,,,,,Y,3,,
1998,Mitch,Oct 22- Nov 5,,5,3,HN,,State of Colon Honduras,15.9256,-85.9417,3.6,11.81,,,,,,,Y,2,,
1977,Anita,Aug 29- Sep 3,,5,3,MX,,Approximately 200 km north of Tampico MX,24.0942,-97.7319,4.57,15,,,,,,,Y,3,,
1983,Barry,Aug 23-29,,5,3,MX,,Northern Mexico Coast,25.8914,-97.1467,1.22,4,,,,,,,Y,3,,
1988,Gilbert,,,5,3,MX,,Cozumel Island,20.4006,-86.8661,5.25,17.22,,,,,,,Y,,,
1988,Gilbert,Sep 8-20,,5,3,MX,TX,Northeast Mexico just N of landfall,24.4586,-97.6878,3.96,13,,,,,,,Y,3,,
1995,Roxanne,Oct 7-21,,5,3,MX,,Yucatan Peninsula SW of Cozumel Island,20.0822,-87.4775,3.05,10,,,,,,,Y,,,
2005,Emily,Jul 11-21,,5,3,MX,,San Miguil de Cozumel,20.5086,-86.9531,4.57,15,,,,,,,Y,,,
2005,Wilma,,,5,3,MX,,,,,,,,,,,,,Y,,,
2007,Dean,Aug 13-23,,5,3,MX,,Yucatan Peninsula,19.5967,-87.7481,5.49,18,,,,,,,Y,2,,
2007,Felix,Aug 31- Sep 6,,5,3,NI,,Northern Coast of Nicaragua,14.7701,-83.3178,5.49,18,,,,,,,Y,,,
2008,Omar,,,5,4,AG,,Antigua,17.1944,-61.8744,1.07,3.5,,,,,,,Y,,,
1963,Arlene,,,5,4,BM,,Bermuda,32.2494,-64.8475,2.13,7,,,,,,,Y,,,
1999,Gert,,,5,4,BM,,Bermuda (most likely E coast),32.3026,-64.7421,0.91,3,,,,,,,Y,,,
2001,Erin,,,5,4,BM,,,,,,,,,,,,,Y,,,
2003,Fabian,,,5,4,BM,,South Shore of Bermuda,32.2492,-64.8483,3.05,10,,,,,,,Y,,,
2014,Gonzalo,,,5,4,BM,,L.F. Wade International Airport,32.3631,-64.6836,,,1.83,6,,,,,Y,,,
1965,Betsy,,,5,4,BS,,Point Simon area of NW Andros Island,25.1778,-78.1639,2.74,9,,,,,,,Y,2,,
1992,Andrew,,,5,4,BS,,Lower Bogue Bahamas,25.4939,-76.6314,4.88,16,,,,,,,Y,,,
1999,Floyd,Sep 7-19,,5,4,BS,,Grand Bahama Island,26.6914,-78.2078,1.61,5.28,,,,,,,Y,,,
2001,Michelle,,,5,4,BS,,New Providence,24.9994,-77.4919,2.44,8,,,,,,,Y,,,
2005,Wilma,,,5,4,BS,,Grand Bahama Island,26.5878,-78.8689,3.66,12,,,,,,,Y,,,
1932,Unnamed,,,5,4,CU,,Santa Cruz del Sur Camaguey,20.7008,-77.9872,6.5,21.33,,,,,,,Y,,,
2001,Michelle,,,5,4,CU,,Cayo Largo,21.6006,-81.5225,3.05,10,,,,,,,Y,,,
2004,Charley,,,5,4,CU,,Playa Cajio,22.682,-82.4621,4,13.12,,,,,,,Y,2,,
1989,Hugo,17-Sep,,5,4,FR,,Baie-Mahault Guadeloupe,16.2661,-61.5951,2.5,8.2,,,,,,,Y,,,
1988,Gilbert,,,5,4,JM,,Northeast Coast of Jamaica,18.2386,-76.6601,2.74,9,,,,,,,Y,,,
2004,Ivan,,,5,4,KY,,Grand Cayman- Cayman Islands,19.2814,-81.2456,3.05,10,,,,,,,Y,,,
2008,Paloma,Nov 5-14,,5,4,KY,,Cayman Brac,19.7103,-79.8039,2.44,8,,,,,,,Y,2,,
1960,Donna,6-Sep,,5,4,PR,,North and Eastern Coasts of Puerto Rico,,,,6,,,,,,,Y,1,,
1998,Georges,,,5,4,PR,,Fajardo Puerto Rico,18.3361,-65.6331,3.05,10,,,,,,,Y,2,,
1999,Lenny,,,5,4,VI,,Frederiksted- St. Croix- US Virgin Islands,17.7128,-64.8836,5.33,17.5,,,,,,,Y,,,
1954,Edna,September 2 - 15,,5,5,CA,NB,Saint John,45.2458,-66.0753,1.2,3.94,,,,,,,Y,,,
1963,Ginny,October 16 - 29,,5,5,CA,NB,Escuminac/Pointe-Sapin,47.0503,-64.8297,1.43,4.69,,,,,,,Y,,,
1964,Gladys,September 13 - 25,,5,5,CA,NB,Escuminac/Pointe-Sapin,47.0503,-64.8297,1.31,4.3,,,,,,,Y,,,
2000,Suptrob 13,October 25 - 29,,5,5,CA,NB,Escuminac/Pointe-Sapin,47.0503,-64.8297,1.58,5.18,,,,,,,Y,,,
2002,Gustav,September 8 - 12,,5,5,CA,PEI,Charlottetown,46.2292,-63.1317,1.35,4.43,,,,,,,Y,,,
2003,Juan,September 24 - 29,,5,5,CA,NS,Halifax,44.6333,-63.5814,1.5,4.92,,,,,,,Y,,,
2009,Bill,,,5,5,CA,NL,St. Lawrence,,,0.94,3.1,,,,,,,Y,,,
2010,Igor,,,5,5,CA,NL,St. John's Harbour,,,1.07,3.5,,,,,,,Y,,,
2012,Leslie,,,5,5,CA,NL,Argentia and St. Lawrence,,,1.1,3.61,,,,,,,Y,,,
2002,Kenna,Oct 22-26,,6,1,MX,,San Blas,21.5275,-105.24,5,16.4,,,,,,,Y,,,
1965,Doreen,Aug 19-31,,6,2,US,HI,,,,,,,,,,,,Y,,,
1992,Iniki,Sep 5-13,,6,2,US,HI,Poipu Beach,21.8758,-159.4606,1.83,6,,,,,,,Y,,,
2014,Iselle,Jul 31 - Aug 9,,6,2,US,HI,Kapoho and Vacationland,,,,,1.22,4,,,,,Y,,,
2014,Ana,,,,,,,,,,,,,,,,,,Y,,,
2011,,9-Nov,,11,,US,AK,Nome,,,,8.6,,,,,,,N,,,
1974,,Nov 11-12,,11,,US,AK,Nome,,,,13,,,,,,,N,,,
2005,,Sep,,11,,US,AK,Nome,,,,10.4,,,,,,,N,,,
2004,,Oct,,11,,US,AK,Nome,,,,10.4,,,,,,,N,,,
1985,,,,11,,CA,NU,Tuktoyaktuk,,,1.38,,,,,,,,N,,,
1978,,24-Sep,,11,,US,AK,Nome,,,2.1,,,,,,,,N,,,
1978,,7-Nov,,11,,US,AK,Nome,,,3,,,,,,,,N,,,
1970,,13-Sep,,11,,US,AK,Beaufort Sea Coast,,,,,,,3.4,,,,N,,,
